<?xml version="1.0" encoding="UTF-8"?>
<beans xmlns="http://www.springframework.org/schema/beans"
	xmlns:context="http://www.springframework.org/schema/context"
	xmlns:xsi="http://www.w3.org/2001/XMLSchema-instance"
	xmlns:mvc="http://www.springframework.org/schema/mvc"
	xmlns:c="http://www.springframework.org/schema/c"
	xsi:schemaLocation="http://www.springframework.org/schema/mvc http://www.springframework.org/schema/mvc/spring-mvc-4.3.xsd
		http://www.springframework.org/schema/beans http://www.springframework.org/schema/beans/spring-beans.xsd
		http://www.springframework.org/schema/context http://www.springframework.org/schema/context/spring-context-4.3.xsd">
	
	<context:annotation-config />
	<context:component-scan base-package="project"></context:component-scan>
	<!-- <context:property-placeholder location="/WEB-INF/jdbc.properties"/> -->

	<bean id="dataSource"
		class="org.springframework.jdbc.datasource.DriverManagerDataSource">
		<property name="driverClassName" value="oracle.jdbc.driver.OracleDriver" />
		<property name="url" value="jdbc:oracle:thin:@127.0.0.1:1521:xe" />
		<property name="username" value="playdata" />
		<property name="password" value="admin0007" />
	</bean>
	<!-- mysql로 저장할 예정 -->

	<bean id="mybatis" class="org.mybatis.spring.SqlSessionFactoryBean">
		<property name="dataSource" ref="dataSource" />
		<property name="configLocation" value="classpath:project/common/mybatis-config.xml" />
		<property name="transactionFactory">
			<bean
				class="org.mybatis.spring.transaction.SpringManagedTransactionFactory" />
			<!-- 얘를 설정해주면 트랜잭션을 따로 처리 안해줘도 된다. 트랜잭션이란 commit / rollback 등을 뜻함. -->
		</property>
	</bean>

<bean id = "viewResolver"
	class = "org.springframework.web.servlet.view.UrlBasedViewResolver">
	<property name="viewClass" value = "org.springframework.web.servlet.view.JstlView"></property>
	<property name="prefix" value = "/WEB-INF/views/"/>
	<property name="suffix" value = ".jsp"/>	
</bean>


<!-- <context:property-placeholder location="/WEB-INF/jdbc.properties"/> -->

<!-- <bean id = "dataSource"
	class = "org.springframework.jdbc.datasource.DriverManagerDataSource">
	<property name="driverClassName" value ="oracle.jdbc.driver.OracleDriver"/>
	<property name="url" value = "jdbc:oracle:thin:@127.0.0.1:1521:xe"/>
	<property name="username" value = "playdata"/>
	<property name="password" value = "admin0007"/>	
</bean>
mysql로 대체 예정

<bean id = "mybatis" class = "org.mybatis.spring.SqlSessionFactoryBean">
	<property name="dataSource" ref = "dataSource"/>
	<property name="configLocation" value = "/WEB-INF/mybatis/mybatis-config.xml"/>
	<property name="transactionFactory">
		<bean class = "org.mybatis.spring.transaction.SpringManagedTransactionFactory"/>
		 얘를 설정해주면 트랜잭션을 따로 처리 안해줘도 된다
		 트랜잭션이란 commit / rollback 등을 뜻함.
	</property>
</bean> -->
</beans>
